Process_ID,Arrival_Time_AT,Burst_Time_BT,Quantum,FCFS_CT_DT,FCFS_TAT_TT,FCFS_WT,FCFS_RT,RR_CT_DT,RR_TAT_TT,RR_WT,RR_RT,SPF_CT_DT,SPF_TAT_TT,SPF_WT,SPF_RT,SRT_CT_DT,SRT_TAT_TT,SRT_WT,SRT_RT
P0,0,5,3,5,5,0,0,1440,1440,1435,0,5,5,0,0,5,5,0,0
P1,1,17,3,22,21,4,4,4992,4992,4975,3,3402,3401,3384,3384,3402,3401,3384,3384
P2,3,3,3,25,22,19,19,9,9,6,6,8,5,2,2,8,5,2,2
P3,4,12,3,37,33,21,21,3671,3671,3659,9,1628,1624,1612,1612,1628,1624,1612,1612
P4,6,9,3,46,40,31,31,2663,2663,2654,12,839,833,824,824,839,833,824,824
P5,7,3,3,49,42,39,39,18,18,15,15,11,4,1,1,11,4,1,1
P6,8,7,3,56,48,41,41,2664,2664,2657,18,18,10,3,3,23,15,8,3
P7,10,19,3,75,65,46,46,5318,5318,5299,21,4364,4354,4335,4335,4364,4354,4335,4335
P8,10,18,3,93,83,65,65,4998,4998,4980,24,3913,3903,3885,3885,3913,3903,3885,3885
P9,10,14,3,107,97,83,83,4447,4447,4433,27,2240,2230,2216,2216,2240,2230,2216,2216
P10,13,18,3,125,112,94,94,5001,5001,4983,30,3931,3918,3900,3900,3931,3918,3900,3900
P11,14,2,3,127,113,111,111,35,35,33,33,20,6,4,4,16,2,0,0
P12,14,3,3,130,116,113,113,38,38,35,35,23,9,6,6,19,5,2,2
P13,14,14,3,144,130,116,116,4452,4452,4438,38,2254,2240,2226,2226,2254,2240,2226,2226
P14,16,18,3,162,146,128,128,5004,5004,4986,41,3949,3933,3915,3915,3949,3933,3915,3915
P15,19,6,3,168,149,143,143,1473,1473,1467,44,47,28,22,22,47,28,22,22
P16,19,19,3,187,168,149,149,5319,5319,5300,47,4383,4364,4345,4345,4383,4364,4345,4345
P17,20,3,3,190,170,167,167,53,53,50,50,26,6,3,3,26,6,3,3
P18,21,3,3,193,172,169,169,56,56,53,53,29,8,5,5,29,8,5,5
P19,21,5,3,198,177,172,172,1478,1478,1473,56,41,20,15,15,41,20,15,15
P20,24,3,3,201,177,174,174,62,62,59,59,32,8,5,5,32,8,5,5
P21,26,19,3,220,194,175,175,5320,5320,5301,62,4402,4376,4357,4357,4402,4376,4357,4357
P22,28,14,3,234,206,192,192,4463,4463,4449,65,2268,2240,2226,2226,2268,2240,2226,2226
P23,28,17,3,251,223,206,206,5012,5012,4995,68,3419,3391,3374,3374,3419,3391,3374,3374
P24,29,16,3,267,238,222,222,5013,5013,4997,71,2921,2892,2876,2876,2921,2892,2876,2876
P25,31,1,3,268,237,236,236,75,75,74,74,33,2,1,1,33,2,1,1
P26,32,3,3,271,239,236,236,78,78,75,75,36,4,1,1,36,4,1,1
P27,35,7,3,278,243,236,236,2698,2698,2691,78,58,23,16,16,58,23,16,16
P28,36,18,3,296,260,242,242,5016,5016,4998,81,3967,3931,3913,3913,3967,3931,3913,3913
P29,36,9,3,305,269,260,260,2704,2704,2695,84,848,812,803,803,848,812,803,803
P30,36,12,3,317,281,269,269,3710,3710,3698,87,1640,1604,1592,1592,1640,1604,1592,1592
P31,39,12,3,329,290,278,278,3713,3713,3701,90,1652,1613,1601,1601,1652,1613,1601,1601
P32,42,16,3,345,303,287,287,5017,5017,5001,93,2937,2895,2879,2879,2937,2895,2879,2879
P33,43,4,3,349,306,302,302,1509,1509,1505,96,51,8,4,4,51,8,4,4
P34,43,8,3,357,314,306,306,2715,2715,2707,99,662,619,611,611,662,619,611,611
P35,43,8,3,365,322,314,314,2717,2717,2709,102,670,627,619,619,670,627,619,619
P36,44,18,3,383,339,321,321,5020,5020,5002,105,3985,3941,3923,3923,3985,3941,3923,3923
P37,45,17,3,400,355,338,338,5022,5022,5005,108,3436,3391,3374,3374,3436,3391,3374,3374
P38,45,15,3,415,370,355,355,4484,4484,4469,111,2605,2560,2545,2545,2605,2560,2545,2545
P39,47,9,3,424,377,368,368,2729,2729,2720,114,857,810,801,801,857,810,801,801
P40,49,18,3,442,393,375,375,5025,5025,5007,117,4003,3954,3936,3936,4003,3954,3936,3936
P41,50,12,3,454,404,392,392,3731,3731,3719,120,1664,1614,1602,1602,1664,1614,1602,1602
P42,53,6,3,460,407,401,401,1536,1536,1530,123,64,11,5,5,68,15,9,5
P43,54,8,3,468,414,406,406,2737,2737,2729,126,678,624,616,616,678,624,616,616
P44,55,11,3,479,424,413,413,3733,3733,3722,129,1385,1330,1319,1319,1385,1330,1319,1319
P45,58,18,3,497,439,421,421,5028,5028,5010,132,4021,3963,3945,3945,4021,3963,3945,3945
P46,58,20,3,517,459,439,439,5322,5322,5302,135,4897,4839,4819,4819,4897,4839,4819,4819
P47,58,16,3,533,475,459,459,5032,5032,5016,138,2953,2895,2879,2879,2953,2895,2879,2879
P48,59,4,3,537,478,474,474,1552,1552,1548,141,68,9,5,5,63,4,0,0
P49,59,12,3,549,490,478,478,3745,3745,3733,144,1676,1617,1605,1605,1676,1617,1605,1605
P50,59,17,3,566,507,490,490,5034,5034,5017,147,3453,3394,3377,3377,3453,3394,3377,3377
P51,61,16,3,582,521,505,505,5035,5035,5019,150,2969,2908,2892,2892,2969,2908,2892,2892
P52,62,16,3,598,536,520,520,5036,5036,5020,153,2985,2923,2907,2907,2985,2923,2907,2907
P53,64,15,3,613,549,534,534,4508,4508,4493,156,2620,2556,2541,2541,2620,2556,2541,2541
P54,65,4,3,617,552,548,548,1568,1568,1564,159,72,7,3,3,72,7,3,3
P55,66,4,3,621,555,551,551,1569,1569,1565,162,76,10,6,6,76,10,6,6
P56,69,19,3,640,571,552,552,5323,5323,5304,165,4421,4352,4333,4333,4421,4352,4333,4333
P57,69,9,3,649,580,571,571,2770,2770,2761,168,866,797,788,788,866,797,788,788
P58,71,5,3,654,583,578,578,1577,1577,1572,171,81,10,5,5,83,12,7,5
P59,72,5,3,659,587,582,582,1579,1579,1574,174,110,38,33,33,110,38,33,33
P60,72,9,3,668,596,587,587,2773,2773,2764,177,875,803,794,794,875,803,794,794
P61,73,12,3,680,607,595,595,3763,3763,3751,180,1688,1615,1603,1603,1688,1615,1603,1603
P62,73,17,3,697,624,607,607,5041,5041,5024,183,3470,3397,3380,3380,3470,3397,3380,3380
P63,74,20,3,717,643,623,623,5325,5325,5305,186,4917,4843,4823,4823,4917,4843,4823,4823
P64,75,18,3,735,660,642,642,5047,5047,5029,189,4039,3964,3946,3946,4039,3964,3946,3946
P65,76,6,3,741,665,659,659,1597,1597,1591,192,146,70,64,64,146,70,64,64
P66,78,2,3,743,665,663,663,197,197,195,195,83,5,3,3,80,2,0,0
P67,78,8,3,751,673,665,665,2787,2787,2779,197,686,608,600,600,686,608,600,600
P68,81,10,3,761,680,670,670,3773,3773,3763,200,1164,1083,1073,1073,1164,1083,1073,1073
P69,81,4,3,765,684,680,680,1604,1604,1600,203,87,6,2,2,87,6,2,2
P70,83,18,3,783,700,682,682,5050,5050,5032,206,4057,3974,3956,3956,4057,3974,3956,3956
P71,85,17,3,800,715,698,698,5052,5052,5035,209,3487,3402,3385,3385,3487,3402,3385,3385
P72,85,4,3,804,719,715,715,1611,1611,1607,212,99,14,10,10,99,14,10,10
P73,86,3,3,807,721,718,718,218,218,215,215,90,4,1,1,90,4,1,1
P74,88,20,3,827,739,719,719,5327,5327,5307,218,4937,4849,4829,4829,4937,4849,4829,4829
P75,88,2,3,829,741,739,739,223,223,221,221,92,4,2,2,92,4,2,2
P76,89,2,3,831,742,740,740,225,225,223,223,95,6,4,4,95,6,4,4
P77,91,8,3,839,748,740,740,2801,2801,2793,225,694,603,595,595,694,603,595,595
P78,91,1,3,840,749,748,748,229,229,228,228,93,2,1,1,93,2,1,1
P79,91,10,3,850,759,749,749,3783,3783,3773,229,1174,1083,1073,1073,1174,1083,1073,1073
P80,91,16,3,866,775,759,759,5056,5056,5040,232,3001,2910,2894,2894,3001,2910,2894,2894
P81,92,19,3,885,793,774,774,5328,5328,5309,235,4440,4348,4329,4329,4440,4348,4329,4329
P82,94,8,3,893,799,791,791,2812,2812,2804,238,702,608,600,600,702,608,600,600
P83,96,14,3,907,811,797,797,4537,4537,4523,241,2282,2186,2172,2172,2282,2186,2172,2172
P84,97,18,3,925,828,810,810,5062,5062,5044,244,4075,3978,3960,3960,4075,3978,3960,3960
P85,97,3,3,928,831,828,828,250,250,247,247,102,5,2,2,102,5,2,2
P86,97,3,3,931,834,831,831,253,253,250,250,105,8,5,5,105,8,5,5
P87,100,14,3,945,845,831,831,4542,4542,4528,253,2296,2196,2182,2182,2296,2196,2182,2182
P88,102,5,3,950,848,843,843,1640,1640,1635,256,115,13,8,8,115,13,8,8
P89,103,14,3,964,861,847,847,4544,4544,4530,259,2310,2207,2193,2193,2310,2207,2193,2193
P90,105,16,3,980,875,859,859,5063,5063,5047,262,3017,2912,2896,2896,3017,2912,2896,2896
P91,107,18,3,998,891,873,873,5066,5066,5048,265,4093,3986,3968,3968,4093,3986,3968,3968
P92,108,12,3,1010,902,890,890,3810,3810,3798,268,1700,1592,1580,1580,1700,1592,1580,1580
P93,110,9,3,1019,909,900,900,2836,2836,2827,271,884,774,765,765,884,774,765,765
P94,112,12,3,1031,919,907,907,3813,3813,3801,274,1712,1600,1588,1588,1712,1600,1588,1588
P95,113,4,3,1035,922,918,918,1659,1659,1655,277,129,16,12,12,129,16,12,12
P96,115,2,3,1037,922,920,920,282,282,280,280,117,2,0,0,117,2,0,0
P97,116,1,3,1038,922,921,921,283,283,282,282,118,2,1,1,118,2,1,1
P98,116,4,3,1042,926,922,922,1660,1660,1656,283,133,17,13,13,133,17,13,13
P99,117,3,3,1045,928,925,925,289,289,286,286,121,4,1,1,121,4,1,1
P100,117,3,3,1048,931,928,928,292,292,289,289,125,8,5,5,125,8,5,5
P101,118,9,3,1057,939,930,930,2842,2842,2833,292,893,775,766,766,893,775,766,766
P102,120,9,3,1066,946,937,937,2845,2845,2836,295,902,782,773,773,902,782,773,773
P103,121,17,3,1083,962,945,945,5068,5068,5051,298,3504,3383,3366,3366,3504,3383,3366,3366
P104,121,16,3,1099,978,962,962,5069,5069,5053,301,3033,2912,2896,2896,3033,2912,2896,2896
P105,121,1,3,1100,979,978,978,305,305,304,304,122,1,0,0,122,1,0,0
P106,122,13,3,1113,991,978,978,4557,4557,4544,305,1953,1831,1818,1818,1953,1831,1818,1818
P107,125,20,3,1133,1008,988,988,5330,5330,5310,308,4957,4832,4812,4812,4957,4832,4812,4812
P108,127,6,3,1139,1012,1006,1006,1681,1681,1675,311,159,32,26,26,161,34,28,26
P109,128,4,3,1143,1015,1011,1011,1682,1682,1678,314,137,9,5,5,137,9,5,5
P110,129,17,3,1160,1031,1014,1014,5074,5074,5057,317,3521,3392,3375,3375,3521,3392,3375,3375
P111,131,7,3,1167,1036,1029,1029,2861,2861,2854,320,186,55,48,48,189,58,51,48
P112,134,6,3,1173,1039,1033,1033,1691,1691,1685,323,169,35,29,29,171,37,31,29
P113,134,16,3,1189,1055,1039,1039,5075,5075,5059,326,3049,2915,2899,2899,3049,2915,2899,2899
P114,134,10,3,1199,1065,1055,1055,3832,3832,3822,329,1184,1050,1040,1040,1184,1050,1040,1040
P115,134,14,3,1213,1079,1065,1065,4568,4568,4554,332,2324,2190,2176,2176,2324,2190,2176,2176
P116,136,3,3,1216,1080,1077,1077,338,338,335,335,140,4,1,1,140,4,1,1
P117,137,11,3,1227,1090,1079,1079,3837,3837,3826,338,1396,1259,1248,1248,1396,1259,1248,1248
P118,139,16,3,1243,1104,1088,1088,5076,5076,5060,341,3065,2926,2910,2910,3065,2926,2910,2910
P119,141,17,3,1260,1119,1102,1102,5078,5078,5061,344,3538,3397,3380,3380,3538,3397,3380,3380
P120,144,18,3,1278,1134,1116,1116,5081,5081,5063,347,4111,3967,3949,3949,4111,3967,3949,3949
P121,146,3,3,1281,1135,1132,1132,353,353,350,350,149,3,0,0,149,3,0,0
P122,147,16,3,1297,1150,1134,1134,5082,5082,5066,353,3081,2934,2918,2918,3081,2934,2918,2918
P123,147,2,3,1299,1152,1150,1150,358,358,356,356,151,4,2,2,151,4,2,2
P124,148,14,3,1313,1165,1151,1151,4582,4582,4568,358,2338,2190,2176,2176,2338,2190,2176,2176
P125,149,7,3,1320,1171,1164,1164,2889,2889,2882,361,213,64,57,57,214,65,58,57
P126,151,2,3,1322,1171,1169,1169,366,366,364,364,153,2,0,0,153,2,0,0
P127,154,12,3,1334,1180,1168,1168,3855,3855,3843,366,1724,1570,1558,1558,1724,1570,1558,1558
P128,155,1,3,1335,1180,1179,1179,370,370,369,369,160,5,4,4,156,1,0,0
P129,157,11,3,1346,1189,1178,1178,3857,3857,3846,370,1407,1250,1239,1239,1407,1250,1239,1239
P130,158,1,3,1347,1189,1188,1188,374,374,373,373,161,3,2,2,159,1,0,0
P131,159,16,3,1363,1204,1188,1188,5083,5083,5067,374,3097,2938,2922,2922,3097,2938,2922,2922
P132,161,2,3,1365,1204,1202,1202,379,379,377,377,163,2,0,0,163,2,0,0
P133,162,8,3,1373,1211,1203,1203,2900,2900,2892,379,710,548,540,540,710,548,540,540
P134,162,17,3,1390,1228,1211,1211,5085,5085,5068,382,3555,3393,3376,3376,3555,3393,3376,3376
P135,163,13,3,1403,1240,1227,1227,4589,4589,4576,385,1966,1803,1790,1790,1966,1803,1790,1790
P136,164,2,3,1405,1241,1239,1239,390,390,388,388,171,7,5,5,166,2,0,0
P137,167,9,3,1414,1247,1238,1238,2909,2909,2900,390,911,744,735,735,911,744,735,735
P138,168,20,3,1434,1266,1246,1246,5332,5332,5312,393,4977,4809,4789,4789,4977,4809,4789,4789
P139,169,20,3,1454,1285,1265,1265,5334,5334,5314,396,4997,4828,4808,4808,4997,4828,4808,4808
P140,169,2,3,1456,1287,1285,1285,401,401,399,399,173,4,2,2,173,4,2,2
P141,171,6,3,1462,1291,1285,1285,1751,1751,1745,401,179,8,2,2,179,8,2,2
P142,173,13,3,1475,1302,1289,1289,4596,4596,4583,404,1979,1806,1793,1793,1979,1806,1793,1793
P143,175,11,3,1486,1311,1300,1300,3877,3877,3866,407,1418,1243,1232,1232,1418,1243,1232,1232
P144,177,12,3,1498,1321,1309,1309,3880,3880,3868,410,1736,1559,1547,1547,1736,1559,1547,1547
P145,180,3,3,1501,1321,1318,1318,416,416,413,413,189,9,6,6,183,3,0,0
P146,183,12,3,1513,1330,1318,1318,3883,3883,3871,416,1748,1565,1553,1553,1748,1565,1553,1553
P147,184,19,3,1532,1348,1329,1329,5335,5335,5316,419,4459,4275,4256,4256,4459,4275,4256,4256
P148,184,5,3,1537,1353,1348,1348,1768,1768,1763,422,200,16,11,11,200,16,11,11
P149,185,9,3,1546,1361,1352,1352,2933,2933,2924,425,920,735,726,726,920,735,726,726
P150,185,4,3,1550,1365,1361,1361,1772,1772,1768,428,193,8,4,4,193,8,4,4
P151,188,7,3,1557,1369,1362,1362,2934,2934,2927,431,237,49,42,42,242,54,47,42
P152,189,12,3,1569,1380,1368,1368,3889,3889,3877,434,1760,1571,1559,1559,1760,1571,1559,1559
P153,191,14,3,1583,1392,1378,1378,4601,4601,4587,437,2352,2161,2147,2147,2352,2161,2147,2147
P154,191,15,3,1598,1407,1392,1392,4604,4604,4589,440,2635,2444,2429,2429,2635,2444,2429,2429
P155,192,2,3,1600,1408,1406,1406,445,445,443,443,195,3,1,1,195,3,1,1
P156,192,19,3,1619,1427,1408,1408,5336,5336,5317,445,4478,4286,4267,4267,4478,4286,4267,4267
P157,194,15,3,1634,1440,1425,1425,4610,4610,4595,448,2650,2456,2441,2441,2650,2456,2441,2441
P158,194,10,3,1644,1450,1440,1440,3902,3902,3892,451,1194,1000,990,990,1194,1000,990,990
P159,195,6,3,1650,1455,1449,1449,1796,1796,1790,454,206,11,5,5,206,11,5,5
P160,198,13,3,1663,1465,1452,1452,4611,4611,4598,457,1992,1794,1781,1781,1992,1794,1781,1781
P161,200,15,3,1678,1478,1463,1463,4614,4614,4599,460,2665,2465,2450,2450,2665,2465,2450,2450
P162,201,18,3,1696,1495,1477,1477,5100,5100,5082,463,4129,3928,3910,3910,4129,3928,3910,3910
P163,201,15,3,1711,1510,1495,1495,4620,4620,4605,466,2680,2479,2464,2464,2680,2479,2464,2464
P164,202,14,3,1725,1523,1509,1509,4622,4622,4608,469,2366,2164,2150,2150,2366,2164,2150,2150
P165,203,7,3,1732,1529,1522,1522,2968,2968,2961,472,267,64,57,57,269,66,59,57
P166,205,19,3,1751,1546,1527,1527,5337,5337,5318,475,4497,4292,4273,4273,4497,4292,4273,4273
P167,206,9,3,1760,1554,1545,1545,2974,2974,2965,478,929,723,714,714,929,723,714,714
P168,207,12,3,1772,1565,1553,1553,3923,3923,3911,481,1772,1565,1553,1553,1772,1565,1553,1553
P169,208,13,3,1785,1577,1564,1564,4626,4626,4613,484,2005,1797,1784,1784,2005,1797,1784,1784
P170,209,7,3,1792,1583,1576,1576,2981,2981,2974,487,306,97,90,90,308,99,92,90
P171,209,1,3,1793,1584,1583,1583,491,491,490,490,214,5,4,4,210,1,0,0
P172,211,7,3,1800,1589,1582,1582,2982,2982,2975,491,356,145,138,138,358,147,140,138
P173,213,6,3,1806,1593,1587,1587,1835,1835,1829,494,220,7,1,1,220,7,1,1
P174,213,19,3,1825,1612,1593,1593,5338,5338,5319,497,4516,4303,4284,4284,4516,4303,4284,4284
P175,213,15,3,1840,1627,1612,1612,4632,4632,4617,500,2695,2482,2467,2467,2695,2482,2467,2467
P176,213,8,3,1848,1635,1627,1627,2990,2990,2982,503,718,505,497,497,718,505,497,497
P177,215,5,3,1853,1638,1633,1633,1846,1846,1841,506,225,10,5,5,225,10,5,5
P178,217,20,3,1873,1656,1636,1636,5340,5340,5320,509,5017,4800,4780,4780,5017,4800,4780,4780
P179,220,5,3,1878,1658,1653,1653,1851,1851,1846,512,230,10,5,5,230,10,5,5
P180,222,18,3,1896,1674,1656,1656,5112,5112,5094,515,4147,3925,3907,3907,4147,3925,3907,3907
P181,223,8,3,1904,1681,1673,1673,2998,2998,2990,518,726,503,495,495,726,503,495,495
P182,223,18,3,1922,1699,1681,1681,5115,5115,5097,521,4165,3942,3924,3924,4165,3942,3924,3924
P183,226,20,3,1942,1716,1696,1696,5342,5342,5322,524,5037,4811,4791,4791,5037,4811,4791,4791
P184,226,20,3,1962,1736,1716,1716,5344,5344,5324,527,5057,4831,4811,4811,5057,4831,4811,4811
P185,226,17,3,1979,1753,1736,1736,5123,5123,5106,530,3572,3346,3329,3329,3572,3346,3329,3329
P186,227,19,3,1998,1771,1752,1752,5345,5345,5326,533,4535,4308,4289,4289,4535,4308,4289,4289
P187,227,16,3,2014,1787,1771,1771,5127,5127,5111,536,3113,2886,2870,2870,3113,2886,2870,2870
P188,228,15,3,2029,1801,1786,1786,4659,4659,4644,539,2710,2482,2467,2467,2710,2482,2467,2467
P189,231,2,3,2031,1800,1798,1798,544,544,542,542,240,9,7,7,233,2,0,0
P190,233,10,3,2041,1808,1798,1798,3960,3960,3950,544,1204,971,961,961,1204,971,961,961
P191,235,8,3,2049,1814,1806,1806,3024,3024,3016,547,734,499,491,491,734,499,491,491
P192,236,1,3,2050,1814,1813,1813,551,551,550,550,238,2,1,1,237,1,0,0
P193,236,2,3,2052,1816,1814,1814,553,553,551,551,242,6,4,4,239,3,1,1
P194,237,18,3,2070,1833,1815,1815,5130,5130,5112,553,4183,3946,3928,3928,4183,3946,3928,3928
P195,237,14,3,2084,1847,1833,1833,4664,4664,4650,556,2380,2143,2129,2129,2380,2143,2129,2129
P196,237,20,3,2104,1867,1847,1847,5347,5347,5327,559,5077,4840,4820,4820,5077,4840,4820,4820
P197,239,19,3,2123,1884,1865,1865,5348,5348,5329,562,4554,4315,4296,4296,4554,4315,4296,4296
P198,239,4,3,2127,1888,1884,1884,1897,1897,1893,565,246,7,3,3,246,7,3,3
P199,240,12,3,2139,1899,1887,1887,3975,3975,3963,568,1784,1544,1532,1532,1784,1544,1532,1532
P200,241,5,3,2144,1903,1898,1898,1902,1902,1897,571,255,14,9,9,255,14,9,9
P201,242,5,3,2149,1907,1902,1902,1904,1904,1899,574,260,18,13,13,260,18,13,13
P202,244,9,3,2158,1914,1905,1905,3042,3042,3033,577,938,694,685,685,938,694,685,685
P203,244,4,3,2162,1918,1914,1914,1908,1908,1904,580,250,6,2,2,250,6,2,2
P204,245,20,3,2182,1937,1917,1917,5350,5350,5330,583,5097,4852,4832,4832,5097,4852,4832,4832
P205,245,14,3,2196,1951,1937,1937,4675,4675,4661,586,2394,2149,2135,2135,2394,2149,2135,2135
P206,246,15,3,2211,1965,1950,1950,4678,4678,4663,589,2725,2479,2464,2464,2725,2479,2464,2464
P207,248,12,3,2223,1975,1963,1963,3987,3987,3975,592,1796,1548,1536,1536,1796,1548,1536,1536
P208,251,12,3,2235,1984,1972,1972,3990,3990,3978,595,1808,1557,1545,1545,1808,1557,1545,1545
P209,253,18,3,2253,2000,1982,1982,5142,5142,5124,598,4201,3948,3930,3930,4201,3948,3930,3930
P210,253,13,3,2266,2013,2000,2000,4682,4682,4669,601,2018,1765,1752,1752,2018,1765,1752,1752
P211,254,9,3,2275,2021,2012,2012,3066,3066,3057,604,947,693,684,684,947,693,684,684
P212,254,9,3,2284,2030,2021,2021,3069,3069,3060,607,956,702,693,693,956,702,693,693
P213,255,13,3,2297,2042,2029,2029,4683,4683,4670,610,2031,1776,1763,1763,2031,1776,1763,1763
P214,257,12,3,2309,2052,2040,2040,4002,4002,3990,613,1820,1563,1551,1551,1820,1563,1551,1551
P215,258,8,3,2317,2059,2051,2051,3077,3077,3069,616,742,484,476,476,742,484,476,476
P216,259,19,3,2336,2077,2058,2058,5351,5351,5332,619,4573,4314,4295,4295,4573,4314,4295,4295
P217,261,2,3,2338,2077,2075,2075,624,624,622,622,269,8,6,6,263,2,0,0
P218,263,7,3,2345,2082,2075,2075,3081,3081,3074,624,416,153,146,146,416,153,146,146
P219,264,9,3,2354,2090,2081,2081,3084,3084,3075,627,965,701,692,692,965,701,692,692
P220,265,10,3,2364,2099,2089,2089,4006,4006,3996,630,1214,949,939,939,1214,949,939,939
P221,266,20,3,2384,2118,2098,2098,5353,5353,5333,633,5117,4851,4831,4831,5117,4851,4831,4831
P222,267,6,3,2390,2123,2117,2117,1962,1962,1956,636,275,8,2,2,275,8,2,2
P223,270,8,3,2398,2128,2120,2120,3092,3092,3084,639,750,480,472,472,750,480,472,472
P224,273,3,3,2401,2128,2125,2125,645,645,642,642,278,5,2,2,278,5,2,2
P225,274,9,3,2410,2136,2127,2127,3095,3095,3086,645,974,700,691,691,974,700,691,691
P226,276,10,3,2420,2144,2134,2134,4010,4010,4000,648,1224,948,938,938,1224,948,938,938
P227,277,19,3,2439,2162,2143,2143,5354,5354,5335,651,4592,4315,4296,4296,4592,4315,4296,4296
P228,277,4,3,2443,2166,2162,2162,1975,1975,1971,654,282,5,1,1,283,6,2,1
P229,279,1,3,2444,2165,2164,2164,658,658,657,657,283,4,3,3,280,1,0,0
P230,279,14,3,2458,2179,2165,2165,4694,4694,4680,658,2408,2129,2115,2115,2408,2129,2115,2115
P231,279,4,3,2462,2183,2179,2179,1979,1979,1975,661,290,11,7,7,290,11,7,7
P232,281,3,3,2465,2184,2181,2181,667,667,664,664,286,5,2,2,286,5,2,2
P233,283,14,3,2479,2196,2182,2182,4696,4696,4682,667,2422,2139,2125,2125,2422,2139,2125,2125
P234,284,6,3,2485,2201,2195,2195,1985,1985,1979,670,296,12,6,6,296,12,6,6
P235,285,10,3,2495,2210,2200,2200,4020,4020,4010,673,1234,949,939,939,1234,949,939,939
P236,285,9,3,2504,2219,2210,2210,3113,3113,3104,676,983,698,689,689,983,698,689,689
P237,287,10,3,2514,2227,2217,2217,4021,4021,4011,679,1244,957,947,947,1244,957,947,947
P238,289,18,3,2532,2243,2225,2225,5154,5154,5136,682,4219,3930,3912,3912,4219,3930,3912,3912
P239,291,11,3,2543,2252,2241,2241,4026,4026,4015,685,1429,1138,1127,1127,1429,1138,1127,1127
P240,292,20,3,2563,2271,2251,2251,5356,5356,5336,688,5137,4845,4825,4825,5137,4845,4825,4825
P241,293,17,3,2580,2287,2270,2270,5159,5159,5142,691,3589,3296,3279,3279,3589,3296,3279,3279
P242,294,10,3,2590,2296,2286,2286,4033,4033,4023,694,1254,960,950,950,1254,960,950,950
P243,295,3,3,2593,2298,2295,2295,700,700,697,697,299,4,1,1,299,4,1,1
P244,296,13,3,2606,2310,2297,2297,4706,4706,4693,700,2044,1748,1735,1735,2044,1748,1735,1735
P245,296,11,3,2617,2321,2310,2310,4038,4038,4027,703,1440,1144,1133,1133,1440,1144,1133,1133
P246,296,10,3,2627,2331,2321,2321,4039,4039,4029,706,1264,968,958,958,1264,968,958,958
P247,299,17,3,2644,2345,2328,2328,5161,5161,5144,709,3606,3307,3290,3290,3606,3307,3290,3290
P248,301,2,3,2646,2345,2343,2343,714,714,712,712,308,7,5,5,303,2,0,0
P249,303,5,3,2651,2348,2343,2343,2023,2023,2018,714,319,16,11,11,321,18,13,11
P250,304,19,3,2670,2366,2347,2347,5357,5357,5338,717,4611,4307,4288,4288,4611,4307,4288,4288
P251,304,19,3,2689,2385,2366,2366,5358,5358,5339,720,4630,4326,4307,4307,4630,4326,4307,4307
P252,305,20,3,2709,2404,2384,2384,5360,5360,5340,723,5157,4852,4832,4832,5157,4852,4832,4832
P253,306,11,3,2720,2414,2403,2403,4053,4053,4042,726,1451,1145,1134,1134,1451,1145,1134,1134
P254,306,6,3,2726,2420,2414,2414,2038,2038,2032,729,349,43,37,37,349,43,37,37
P255,306,8,3,2734,2428,2420,2420,3157,3157,3149,732,758,452,444,444,758,452,444,444
P256,306,3,3,2737,2431,2428,2428,738,738,735,735,311,5,2,2,311,5,2,2
P257,307,7,3,2744,2437,2430,2430,3158,3158,3151,738,423,116,109,109,423,116,109,109
P258,309,8,3,2752,2443,2435,2435,3160,3160,3152,741,766,457,449,449,766,457,449,449
P259,309,16,3,2768,2459,2443,2443,5171,5171,5155,744,3129,2820,2804,2804,3129,2820,2804,2804
P260,311,17,3,2785,2474,2457,2457,5173,5173,5156,747,3623,3312,3295,3295,3623,3312,3295,3295
P261,311,12,3,2797,2486,2474,2474,4062,4062,4050,750,1832,1521,1509,1509,1832,1521,1509,1509
P262,311,3,3,2800,2489,2486,2486,756,756,753,753,314,3,0,0,314,3,0,0
P263,312,5,3,2805,2493,2488,2488,2058,2058,2053,756,336,24,19,19,338,26,21,19
P264,313,19,3,2824,2511,2492,2492,5361,5361,5342,759,4649,4336,4317,4317,4649,4336,4317,4317
P265,314,16,3,2840,2526,2510,2510,5177,5177,5161,762,3145,2831,2815,2815,3145,2831,2815,2815
P266,316,4,3,2844,2528,2524,2524,2065,2065,2061,765,327,11,7,7,327,11,7,7
P267,316,1,3,2845,2529,2528,2528,769,769,768,768,320,4,3,3,317,1,0,0
P268,316,1,3,2846,2530,2529,2529,770,770,769,769,321,5,4,4,318,2,1,1
P269,319,5,3,2851,2532,2527,2527,2067,2067,2062,770,343,24,19,19,343,24,19,19
P270,319,11,3,2862,2543,2532,2532,4070,4070,4059,773,1462,1143,1132,1132,1462,1143,1132,1132
P271,321,2,3,2864,2543,2541,2541,778,778,776,776,323,2,0,0,323,2,0,0
P272,322,13,3,2877,2555,2542,2542,4731,4731,4718,778,2057,1735,1722,1722,2057,1735,1722,1722
P273,325,4,3,2881,2556,2552,2552,2074,2074,2070,781,331,6,2,2,331,6,2,2
P274,326,20,3,2901,2575,2555,2555,5363,5363,5343,784,5177,4851,4831,4831,5177,4851,4831,4831
P275,326,18,3,2919,2593,2575,2575,5183,5183,5165,787,4237,3911,3893,3893,4237,3911,3893,3893
P276,327,7,3,2926,2599,2592,2592,3188,3188,3181,790,473,146,139,139,473,146,139,139
P277,327,15,3,2941,2614,2599,2599,4740,4740,4725,793,2740,2413,2398,2398,2740,2413,2398,2398
P278,330,15,3,2956,2626,2611,2611,4743,4743,4728,796,2755,2425,2410,2410,2755,2425,2410,2410
P279,330,16,3,2972,2642,2626,2626,5184,5184,5168,799,3161,2831,2815,2815,3161,2831,2815,2815
P280,333,2,3,2974,2641,2639,2639,804,804,802,802,338,5,3,3,335,2,0,0
P281,333,11,3,2985,2652,2641,2641,4090,4090,4079,804,1473,1140,1129,1129,1473,1140,1129,1129
P282,336,9,3,2994,2658,2649,2649,3203,3203,3194,807,992,656,647,647,992,656,647,647
P283,338,20,3,3014,2676,2656,2656,5365,5365,5345,810,5197,4859,4839,4839,5197,4859,4839,4839
P284,338,15,3,3029,2691,2676,2676,4752,4752,4737,813,2770,2432,2417,2417,2770,2432,2417,2417
P285,341,9,3,3038,2697,2688,2688,3212,3212,3203,816,1001,660,651,651,1001,660,651,651
P286,344,11,3,3049,2705,2694,2694,4098,4098,4087,819,1484,1140,1129,1129,1484,1140,1129,1129
P287,347,9,3,3058,2711,2702,2702,3218,3218,3209,822,1010,663,654,654,1010,663,654,654
P288,348,16,3,3074,2726,2710,2710,5188,5188,5172,825,3177,2829,2813,2813,3177,2829,2813,2813
P289,348,17,3,3091,2743,2726,2726,5190,5190,5173,828,3640,3292,3275,3275,3640,3292,3275,3275
P290,349,10,3,3101,2752,2742,2742,4105,4105,4095,831,1274,925,915,915,1274,925,915,915
P291,350,13,3,3114,2764,2751,2751,4759,4759,4746,834,2070,1720,1707,1707,2070,1720,1707,1707
P292,350,13,3,3127,2777,2764,2764,4760,4760,4747,837,2083,1733,1720,1720,2083,1733,1720,1720
P293,351,14,3,3141,2790,2776,2776,4762,4762,4748,840,2436,2085,2071,2071,2436,2085,2071,2071
P294,351,16,3,3157,2806,2790,2790,5191,5191,5175,843,3193,2842,2826,2826,3193,2842,2826,2826
P295,351,15,3,3172,2821,2806,2806,4768,4768,4753,846,2785,2434,2419,2419,2785,2434,2419,2419
P296,353,5,3,3177,2824,2819,2819,2139,2139,2134,849,368,15,10,10,368,15,10,10
P297,353,2,3,3179,2826,2824,2824,854,854,852,852,358,5,3,3,355,2,0,0
P298,354,9,3,3188,2834,2825,2825,3245,3245,3236,854,1019,665,656,656,1019,665,656,656
P299,355,4,3,3192,2837,2833,2833,2143,2143,2139,857,363,8,4,4,363,8,4,4
P300,357,17,3,3209,2852,2835,2835,5193,5193,5176,860,3657,3300,3283,3283,3657,3300,3283,3283
P301,357,17,3,3226,2869,2852,2852,5195,5195,5178,863,3674,3317,3300,3300,3674,3317,3300,3300
P302,358,1,3,3227,2869,2868,2868,867,867,866,866,359,1,0,0,359,1,0,0
P303,360,12,3,3239,2879,2867,2867,4129,4129,4117,867,1844,1484,1472,1472,1844,1484,1472,1472
P304,361,11,3,3250,2889,2878,2878,4131,4131,4120,870,1495,1134,1123,1123,1495,1134,1123,1123
P305,362,9,3,3259,2897,2888,2888,3260,3260,3251,873,1028,666,657,657,1028,666,657,657
P306,364,11,3,3270,2906,2895,2895,4133,4133,4122,876,1506,1142,1131,1131,1506,1142,1131,1131
P307,365,20,3,3290,2925,2905,2905,5367,5367,5347,879,5217,4852,4832,4832,5217,4852,4832,4832
P308,367,5,3,3295,2928,2923,2923,2166,2166,2161,882,373,6,1,1,373,6,1,1
P309,368,8,3,3303,2935,2927,2927,3268,3268,3260,885,774,406,398,398,774,406,398,398
P310,369,14,3,3317,2948,2934,2934,4779,4779,4765,888,2450,2081,2067,2067,2450,2081,2067,2067
P311,370,15,3,3332,2962,2947,2947,4782,4782,4767,891,2800,2430,2415,2415,2800,2430,2415,2415
P312,370,15,3,3347,2977,2962,2962,4785,4785,4770,894,2815,2445,2430,2430,2815,2445,2430,2430
P313,372,6,3,3353,2981,2975,2975,2181,2181,2175,897,379,7,1,1,379,7,1,1
P314,375,6,3,3359,2984,2978,2978,2184,2184,2178,900,409,34,28,28,409,34,28,28
P315,375,11,3,3370,2995,2984,2984,4147,4147,4136,903,1517,1142,1131,1131,1517,1142,1131,1131
P316,377,4,3,3374,2997,2993,2993,2188,2188,2184,906,385,8,4,4,385,8,4,4
P317,377,2,3,3376,2999,2997,2997,911,911,909,909,381,4,2,2,381,4,2,2
P318,377,9,3,3385,3008,2999,2999,3283,3283,3274,911,1037,660,651,651,1037,660,651,651
P319,380,19,3,3404,3024,3005,3005,5368,5368,5349,914,4668,4288,4269,4269,4668,4288,4269,4269
P320,380,16,3,3420,3040,3024,3024,5202,5202,5186,917,3209,2829,2813,2813,3209,2829,2813,2813
P321,382,20,3,3440,3058,3038,3038,5370,5370,5350,920,5237,4855,4835,4835,5237,4855,4835,4835
P322,384,3,3,3443,3059,3056,3056,926,926,923,923,388,4,1,1,388,4,1,1
P323,384,5,3,3448,3064,3059,3059,2202,2202,2197,926,403,19,14,14,403,19,14,14
P324,385,4,3,3452,3067,3063,3063,2203,2203,2199,929,392,7,3,3,392,7,3,3
P325,386,9,3,3461,3075,3066,3066,3295,3295,3286,932,1046,660,651,651,1046,660,651,651
P326,387,11,3,3472,3085,3074,3074,4158,4158,4147,935,1528,1141,1130,1130,1528,1141,1130,1130
P327,389,10,3,3482,3093,3083,3083,4159,4159,4149,938,1284,895,885,885,1284,895,885,885
P328,391,4,3,3486,3095,3091,3091,2213,2213,2209,941,396,5,1,1,397,6,2,1
P329,394,1,3,3487,3093,3092,3092,945,945,944,944,397,3,2,2,395,1,0,0
P330,397,9,3,3496,3099,3090,3090,3304,3304,3295,945,1055,658,649,649,1055,658,649,649
P331,397,1,3,3497,3100,3099,3099,949,949,948,948,398,1,0,0,398,1,0,0
P332,400,19,3,3516,3116,3097,3097,5371,5371,5352,949,4687,4287,4268,4268,4687,4287,4268,4268
P333,401,8,3,3524,3123,3115,3115,3309,3309,3301,952,782,381,373,373,782,381,373,373
P334,403,7,3,3531,3128,3121,3121,3310,3310,3303,955,480,77,70,70,480,77,70,70
P335,405,10,3,3541,3136,3126,3126,4163,4163,4153,958,1294,889,879,879,1294,889,879,879
P336,406,7,3,3548,3142,3135,3135,3314,3314,3307,961,505,99,92,92,508,102,95,92
P337,408,14,3,3562,3154,3140,3140,4799,4799,4785,964,2464,2056,2042,2042,2464,2056,2042,2042
P338,411,15,3,3577,3166,3151,3151,4802,4802,4787,967,2830,2419,2404,2404,2830,2419,2404,2404
P339,412,17,3,3594,3182,3165,3165,5210,5210,5193,970,3691,3279,3262,3262,3691,3279,3262,3262
P340,413,9,3,3603,3190,3181,3181,3326,3326,3317,973,1064,651,642,642,1064,651,642,642
P341,414,13,3,3616,3202,3189,3189,4806,4806,4793,976,2096,1682,1669,1669,2096,1682,1669,1669
P342,415,20,3,3636,3221,3201,3201,5373,5373,5353,979,5257,4842,4822,4822,5257,4842,4822,4822
P343,415,20,3,3656,3241,3221,3221,5375,5375,5355,982,5277,4862,4842,4842,5277,4862,4842,4842
P344,418,17,3,3673,3255,3238,3238,5218,5218,5201,985,3708,3290,3273,3273,3708,3290,3273,3273
P345,419,4,3,3677,3258,3254,3254,2256,2256,2252,988,427,8,4,4,427,8,4,4
P346,419,15,3,3692,3273,3258,3258,4818,4818,4803,991,2845,2426,2411,2411,2845,2426,2411,2411
P347,420,17,3,3709,3289,3272,3272,5220,5220,5203,994,3725,3305,3288,3288,3725,3305,3288,3288
P348,421,13,3,3722,3301,3288,3288,4822,4822,4809,997,2109,1688,1675,1675,2109,1688,1675,1675
P349,422,16,3,3738,3316,3300,3300,5221,5221,5205,1000,3225,2803,2787,2787,3225,2803,2787,2787
P350,423,15,3,3753,3330,3315,3315,4828,4828,4813,1003,2860,2437,2422,2422,2860,2437,2422,2422
P351,423,4,3,3757,3334,3330,3330,2272,2272,2268,1006,431,8,4,4,431,8,4,4
P352,425,14,3,3771,3346,3332,3332,4830,4830,4816,1009,2478,2053,2039,2039,2478,2053,2039,2039
P353,426,16,3,3787,3361,3345,3345,5222,5222,5206,1012,3241,2815,2799,2799,3241,2815,2799,2799
P354,427,5,3,3792,3365,3360,3360,2280,2280,2275,1015,436,9,4,4,436,9,4,4
P355,428,14,3,3806,3378,3364,3364,4835,4835,4821,1018,2492,2064,2050,2050,2492,2064,2050,2050
P356,431,14,3,3820,3389,3375,3375,4837,4837,4823,1021,2506,2075,2061,2061,2506,2075,2061,2061
P357,431,13,3,3833,3402,3389,3389,4838,4838,4825,1024,2122,1691,1678,1678,2122,1691,1678,1678
P358,432,8,3,3841,3409,3401,3401,3370,3370,3362,1027,790,358,350,350,790,358,350,350
P359,434,10,3,3851,3417,3407,3407,4215,4215,4205,1030,1304,870,860,860,1304,870,860,860
P360,436,2,3,3853,3417,3415,3415,1035,1035,1033,1033,438,2,0,0,438,2,0,0
P361,437,6,3,3859,3422,3416,3416,2298,2298,2292,1035,444,7,1,1,444,7,1,1
P362,439,13,3,3872,3433,3420,3420,4839,4839,4826,1038,2135,1696,1683,1683,2135,1696,1683,1683
P363,439,7,3,3879,3440,3433,3433,3377,3377,3370,1041,542,103,96,96,542,103,96,96
P364,441,16,3,3895,3454,3438,3438,5223,5223,5207,1044,3257,2816,2800,2800,3257,2816,2800,2800
P365,442,8,3,3903,3461,3453,3453,3382,3382,3374,1047,798,356,348,348,798,356,348,348
P366,443,6,3,3909,3466,3460,3460,2313,2313,2307,1050,450,7,1,1,450,7,1,1
P367,446,17,3,3926,3480,3463,3463,5225,5225,5208,1053,3742,3296,3279,3279,3742,3296,3279,3279
P368,446,4,3,3930,3484,3480,3480,2317,2317,2313,1056,454,8,4,4,454,8,4,4
P369,447,7,3,3937,3490,3483,3483,3386,3386,3379,1059,569,122,115,115,573,126,119,115
P370,448,4,3,3941,3493,3489,3489,2321,2321,2317,1062,458,10,6,6,458,10,6,6
P371,449,13,3,3954,3505,3492,3492,4846,4846,4833,1065,2148,1699,1686,1686,2148,1699,1686,1686
P372,452,18,3,3972,3520,3502,3502,5228,5228,5210,1068,4255,3803,3785,3785,4255,3803,3785,3785
P373,452,9,3,3981,3529,3520,3520,3395,3395,3386,1071,1073,621,612,612,1073,621,612,612
P374,452,13,3,3994,3542,3529,3529,4850,4850,4837,1074,2161,1709,1696,1696,2161,1709,1696,1696
P375,454,10,3,4004,3550,3540,3540,4234,4234,4224,1077,1314,860,850,850,1314,860,850,850
P376,456,6,3,4010,3554,3548,3548,2339,2339,2333,1080,466,10,4,4,466,10,4,4
P377,458,2,3,4012,3554,3552,3552,1085,1085,1083,1083,460,2,0,0,460,2,0,0
P378,460,8,3,4020,3560,3552,3552,3403,3403,3395,1085,806,346,338,338,806,346,338,338
P379,461,19,3,4039,3578,3559,3559,5376,5376,5357,1088,4706,4245,4226,4226,4706,4245,4226,4226
P380,462,12,3,4051,3589,3577,3577,4240,4240,4228,1091,1856,1394,1382,1382,1856,1394,1382,1382
P381,464,17,3,4068,3604,3587,3587,5233,5233,5216,1094,3759,3295,3278,3278,3759,3295,3278,3278
P382,465,10,3,4078,3613,3603,3603,4244,4244,4234,1097,1324,859,849,849,1324,859,849,849
P383,466,17,3,4095,3629,3612,3612,5235,5235,5218,1100,3776,3310,3293,3293,3776,3310,3293,3293
P384,466,11,3,4106,3640,3629,3629,4249,4249,4238,1103,1539,1073,1062,1062,1539,1073,1062,1062
P385,466,7,3,4113,3647,3640,3640,3422,3422,3415,1106,580,114,107,107,584,118,111,107
P386,467,19,3,4132,3665,3646,3646,5377,5377,5358,1109,4725,4258,4239,4239,4725,4258,4239,4239
P387,469,18,3,4150,3681,3663,3663,5241,5241,5223,1112,4273,3804,3786,3786,4273,3804,3786,3786
P388,472,15,3,4165,3693,3678,3678,4868,4868,4853,1115,2875,2403,2388,2388,2875,2403,2388,2388
P389,475,6,3,4171,3696,3690,3690,2375,2375,2369,1118,488,13,7,7,488,13,7,7
P390,477,19,3,4190,3713,3694,3694,5378,5378,5359,1121,4744,4267,4248,4248,4744,4267,4248,4248
P391,478,11,3,4201,3723,3712,3712,4263,4263,4252,1124,1550,1072,1061,1061,1550,1072,1061,1061
P392,480,2,3,4203,3723,3721,3721,1129,1129,1127,1127,482,2,0,0,482,2,0,0
P393,482,16,3,4219,3737,3721,3721,5245,5245,5229,1129,3273,2791,2775,2775,3273,2791,2775,2775
P394,483,14,3,4233,3750,3736,3736,4876,4876,4862,1132,2520,2037,2023,2023,2520,2037,2023,2023
P395,484,17,3,4250,3766,3749,3749,5247,5247,5230,1135,3793,3309,3292,3292,3793,3309,3292,3292
P396,485,5,3,4255,3770,3765,3765,2392,2392,2387,1138,493,8,3,3,495,10,5,3
P397,488,14,3,4269,3781,3767,3767,4881,4881,4867,1141,2534,2046,2032,2032,2534,2046,2032,2032
P398,489,7,3,4276,3787,3780,3780,3450,3450,3443,1144,605,116,109,109,605,116,109,109
P399,489,15,3,4291,3802,3787,3787,4884,4884,4869,1147,2890,2401,2386,2386,2890,2401,2386,2386
P400,490,2,3,4293,3803,3801,3801,1152,1152,1150,1150,495,5,3,3,492,2,0,0
P401,491,7,3,4300,3809,3802,3802,3454,3454,3447,1152,626,135,128,128,626,135,128,128
P402,492,19,3,4319,3827,3808,3808,5379,5379,5360,1155,4763,4271,4252,4252,4763,4271,4252,4252
P403,492,14,3,4333,3841,3827,3827,4889,4889,4875,1158,2548,2056,2042,2042,2548,2056,2042,2042
P404,492,3,3,4336,3844,3841,3841,1164,1164,1161,1161,498,6,3,3,498,6,3,3
P405,495,12,3,4348,3853,3841,3841,4287,4287,4275,1164,1868,1373,1361,1361,1868,1373,1361,1361
P406,496,12,3,4360,3864,3852,3852,4290,4290,4278,1167,1880,1384,1372,1372,1880,1384,1372,1372
P407,498,13,3,4373,3875,3862,3862,4890,4890,4877,1170,2174,1676,1663,1663,2174,1676,1663,1663
P408,501,2,3,4375,3874,3872,3872,1175,1175,1173,1173,508,7,5,5,503,2,0,0
P409,501,6,3,4381,3880,3874,3874,2422,2422,2416,1175,527,26,20,20,527,26,20,20
P410,501,4,3,4385,3884,3880,3880,2423,2423,2419,1178,512,11,7,7,512,11,7,7
P411,503,11,3,4396,3893,3882,3882,4295,4295,4284,1181,1561,1058,1047,1047,1561,1058,1047,1047
P412,505,1,3,4397,3892,3891,3891,1185,1185,1184,1184,506,1,0,0,506,1,0,0
P413,507,5,3,4402,3895,3890,3890,2428,2428,2423,1185,521,14,9,9,521,14,9,9
P414,508,16,3,4418,3910,3894,3894,5251,5251,5235,1188,3289,2781,2765,2765,3289,2781,2765,2765
P415,509,3,3,4421,3912,3909,3909,1194,1194,1191,1191,515,6,3,3,515,6,3,3
P416,509,16,3,4437,3928,3912,3912,5252,5252,5236,1194,3305,2796,2780,2780,3305,2796,2780,2780
P417,509,15,3,4452,3943,3928,3928,4899,4899,4884,1197,2905,2396,2381,2381,2905,2396,2381,2381
P418,512,7,3,4459,3947,3940,3940,3482,3482,3475,1200,633,121,114,114,633,121,114,114
P419,514,8,3,4467,3953,3945,3945,3484,3484,3476,1203,814,300,292,292,814,300,292,292
P420,515,1,3,4468,3953,3952,3952,1207,1207,1206,1206,516,1,0,0,516,1,0,0
P421,517,12,3,4480,3963,3951,3951,4307,4307,4295,1207,1892,1375,1363,1363,1892,1375,1363,1363
P422,517,17,3,4497,3980,3963,3963,5254,5254,5237,1210,3810,3293,3276,3276,3810,3293,3276,3276
P423,519,8,3,4505,3986,3978,3978,3492,3492,3484,1213,822,303,295,295,822,303,295,295
P424,520,19,3,4524,4004,3985,3985,5380,5380,5361,1216,4782,4262,4243,4243,4782,4262,4243,4243
P425,521,9,3,4533,4012,4003,4003,3498,3498,3489,1219,1082,561,552,552,1082,561,552,552
P426,522,10,3,4543,4021,4011,4011,4314,4314,4304,1222,1334,812,802,802,1334,812,802,802
P427,524,6,3,4549,4025,4019,4019,2464,2464,2458,1225,533,9,3,3,535,11,5,3
P428,526,16,3,4565,4039,4023,4023,5258,5258,5242,1228,3321,2795,2779,2779,3321,2795,2779,2779
P429,527,18,3,4583,4056,4038,4038,5261,5261,5243,1231,4291,3764,3746,3746,4291,3764,3746,3746
P430,528,7,3,4590,4062,4055,4055,3508,3508,3501,1234,640,112,105,105,640,112,105,105
P431,529,11,3,4601,4072,4061,4061,4322,4322,4311,1237,1572,1043,1032,1032,1572,1043,1032,1032
P432,530,2,3,4603,4073,4071,4071,1242,1242,1240,1240,535,5,3,3,532,2,0,0
P433,530,17,3,4620,4090,4073,4073,5263,5263,5246,1242,3827,3297,3280,3280,3827,3297,3280,3280
P434,531,10,3,4630,4099,4089,4089,4326,4326,4316,1245,1344,813,803,803,1344,813,803,803
P435,533,13,3,4643,4110,4097,4097,4915,4915,4902,1248,2187,1654,1641,1641,2187,1654,1641,1641
P436,534,11,3,4654,4120,4109,4109,4331,4331,4320,1251,1583,1049,1038,1038,1583,1049,1038,1038
P437,535,14,3,4668,4133,4119,4119,4917,4917,4903,1254,2562,2027,2013,2013,2562,2027,2013,2013
P438,537,6,3,4674,4137,4131,4131,2494,2494,2488,1257,548,11,5,5,548,11,5,5
P439,538,14,3,4688,4150,4136,4136,4919,4919,4905,1260,2576,2038,2024,2024,2576,2038,2024,2024
P440,540,12,3,4700,4160,4148,4148,4340,4340,4328,1263,1904,1364,1352,1352,1904,1364,1352,1352
P441,541,17,3,4717,4176,4159,4159,5265,5265,5248,1266,3844,3303,3286,3286,3844,3303,3286,3286
P442,543,17,3,4734,4191,4174,4174,5267,5267,5250,1269,3861,3318,3301,3301,3861,3318,3301,3301
P443,545,6,3,4740,4195,4189,4189,2509,2509,2503,1272,554,9,3,3,554,9,3,3
P444,547,20,3,4760,4213,4193,4193,5382,5382,5362,1275,5297,4750,4730,4730,5297,4750,4730,4730
P445,549,11,3,4771,4222,4211,4211,4351,4351,4340,1278,1594,1045,1034,1034,1594,1045,1034,1034
P446,551,18,3,4789,4238,4220,4220,5273,5273,5255,1281,4309,3758,3740,3740,4309,3758,3740,3740
P447,553,2,3,4791,4238,4236,4236,1286,1286,1284,1284,556,3,1,1,556,3,1,1
P448,554,9,3,4800,4246,4237,4237,3550,3550,3541,1286,1091,537,528,528,1091,537,528,528
P449,554,9,3,4809,4255,4246,4246,3553,3553,3544,1289,1100,546,537,537,1100,546,537,537
P450,556,6,3,4815,4259,4253,4253,2527,2527,2521,1292,562,6,0,0,562,6,0,0
P451,557,9,3,4824,4267,4258,4258,3556,3556,3547,1295,1109,552,543,543,1109,552,543,543
P452,558,19,3,4843,4285,4266,4266,5383,5383,5364,1298,4801,4243,4224,4224,4801,4243,4224,4224
P453,560,20,3,4863,4303,4283,4283,5385,5385,5365,1301,5317,4757,4737,4737,5317,4757,4737,4737
P454,560,18,3,4881,4321,4303,4303,5282,5282,5264,1304,4327,3767,3749,3749,4327,3767,3749,3749
P455,562,19,3,4900,4338,4319,4319,5386,5386,5367,1307,4820,4258,4239,4239,4820,4258,4239,4239
P456,563,4,3,4904,4341,4337,4337,2543,2543,2539,1310,573,10,6,6,567,4,0,0
P457,563,8,3,4912,4349,4341,4341,3570,3570,3562,1313,830,267,259,259,830,267,259,259
P458,563,17,3,4929,4366,4349,4349,5287,5287,5270,1316,3878,3315,3298,3298,3878,3315,3298,3298
P459,565,9,3,4938,4373,4364,4364,3576,3576,3567,1319,1118,553,544,544,1118,553,544,544
P460,566,13,3,4951,4385,4372,4372,4947,4947,4934,1322,2200,1634,1621,1621,2200,1634,1621,1621
P461,568,20,3,4971,4403,4383,4383,5388,5388,5368,1325,5337,4769,4749,4749,5337,4769,4749,4749
P462,569,16,3,4987,4418,4402,4402,5291,5291,5275,1328,3337,2768,2752,2752,3337,2768,2752,2752
P463,570,16,3,5003,4433,4417,4417,5292,5292,5276,1331,3353,2783,2767,2767,3353,2783,2767,2767
P464,570,17,3,5020,4450,4433,4433,5294,5294,5277,1334,3895,3325,3308,3308,3895,3325,3308,3308
P465,572,13,3,5033,4461,4448,4448,4960,4960,4947,1337,2213,1641,1628,1628,2213,1641,1628,1628
P466,574,10,3,5043,4469,4459,4459,4388,4388,4378,1340,1354,780,770,770,1354,780,770,770
P467,575,19,3,5062,4487,4468,4468,5389,5389,5370,1343,4839,4264,4245,4245,4839,4264,4245,4245
P468,576,19,3,5081,4505,4486,4486,5390,5390,5371,1346,4858,4282,4263,4263,4858,4282,4263,4263
P469,576,2,3,5083,4507,4505,4505,1351,1351,1349,1349,582,6,4,4,578,2,0,0
P470,579,2,3,5085,4506,4504,4504,1353,1353,1351,1351,584,5,3,3,581,2,0,0
P471,579,11,3,5096,4517,4506,4506,4396,4396,4385,1353,1605,1026,1015,1015,1605,1026,1015,1015
P472,581,20,3,5116,4535,4515,4515,5392,5392,5372,1356,5357,4776,4756,4756,5357,4776,4756,4756
P473,582,6,3,5122,4540,4534,4534,2588,2588,2582,1359,598,16,10,10,598,16,10,10
P474,584,4,3,5126,4542,4538,4538,2589,2589,2585,1362,588,4,0,0,588,4,0,0
P475,584,18,3,5144,4560,4542,4542,5306,5306,5288,1365,4345,3761,3743,3743,4345,3761,3743,3743
P476,587,2,3,5146,4559,4557,4557,1370,1370,1368,1368,590,3,1,1,590,3,1,1
P477,588,2,3,5148,4560,4558,4558,1372,1372,1370,1370,592,4,2,2,592,4,2,2
P478,590,20,3,5168,4578,4558,4558,5394,5394,5374,1372,5377,4787,4767,4767,5377,4787,4767,4767
P479,592,13,3,5181,4589,4576,4576,4976,4976,4963,1375,2226,1634,1621,1621,2226,1634,1621,1621
P480,595,14,3,5195,4600,4586,4586,4978,4978,4964,1378,2590,1995,1981,1981,2590,1995,1981,1981
P481,596,16,3,5211,4615,4599,4599,5310,5310,5294,1381,3369,2773,2757,2757,3369,2773,2757,2757
P482,596,10,3,5221,4625,4615,4615,4415,4415,4405,1384,1364,768,758,758,1364,768,758,758
P483,597,10,3,5231,4634,4624,4624,4416,4416,4406,1387,1374,777,767,767,1374,777,767,767
P484,598,9,3,5240,4642,4633,4633,3633,3633,3624,1390,1127,529,520,520,1127,529,520,520
P485,600,9,3,5249,4649,4640,4640,3636,3636,3627,1393,1136,536,527,527,1136,536,527,527
P486,600,9,3,5258,4658,4649,4649,3639,3639,3630,1396,1145,545,536,536,1145,545,536,536
P487,601,16,3,5274,4673,4657,4657,5311,5311,5295,1399,3385,2784,2768,2768,3385,2784,2768,2768
P488,601,4,3,5278,4677,4673,4673,2623,2623,2619,1402,609,8,4,4,609,8,4,4
P489,601,19,3,5297,4696,4677,4677,5395,5395,5376,1405,4877,4276,4257,4257,4877,4276,4257,4257
P490,601,7,3,5304,4703,4696,4696,3646,3646,3639,1408,647,46,39,39,647,46,39,39
P491,601,9,3,5313,4712,4703,4703,3649,3649,3640,1411,1154,553,544,544,1154,553,544,544
P492,603,20,3,5333,4730,4710,4710,5397,5397,5377,1414,5397,4794,4774,4774,5397,4794,4774,4774
P493,605,6,3,5339,4734,4728,4728,2638,2638,2632,1417,615,10,4,4,619,14,8,4
P494,607,7,3,5346,4739,4732,4732,3653,3653,3646,1420,654,47,40,40,654,47,40,40
P495,608,12,3,5358,4750,4738,4738,4428,4428,4416,1423,1916,1308,1296,1296,1916,1308,1296,1296
P496,609,11,3,5369,4760,4749,4749,4430,4430,4419,1426,1616,1007,996,996,1616,1007,996,996
P497,609,12,3,5381,4772,4760,4760,4433,4433,4421,1429,1928,1319,1307,1307,1928,1319,1307,1307
P498,609,12,3,5393,4784,4772,4772,4436,4436,4424,1432,1940,1331,1319,1319,1940,1331,1319,1319
P499,610,4,3,5397,4787,4783,4783,2654,2654,2650,1435,619,9,5,5,614,4,0,0
